"Model","Mean"
"Team",0.882046250397475
"Overall",0.880094576990042
